{"cameraMode":{"drawMode":0,"name":"Shaded","section":"Shading Mode"},"sceneLighting":false,"audioPlay":false,"sceneViewState":{"showFog":true,"showMaterialUpdate":false,"showSkybox":true,"showFlares":true,"showImageEffects":true,"showParticleSystems":true},"in2DMode":false,"pivot":{"x":-2.120290994644165,"y":755.8342895507813,"z":-690.3310546875},"rotation":{"x":-0.46205174922943118,"y":0.00318859308026731,"z":-0.0016623717965558172,"w":-0.8868457078933716},"size":67.01097106933594,"orthographic":false}