{"cameraMode":{"drawMode":0,"name":"Shaded","section":"Shading Mode"},"sceneLighting":false,"audioPlay":false,"sceneViewState":{"showFog":true,"showMaterialUpdate":false,"showSkybox":true,"showFlares":true,"showImageEffects":true,"showParticleSystems":true},"in2DMode":false,"pivot":{"x":0.14054203033447267,"y":1.5717380046844483,"z":0.5859545469284058},"rotation":{"x":-0.3271324634552002,"y":0.014737692661583424,"z":-0.005103514064103365,"w":-0.9448497891426086},"size":9.578511238098145,"orthographic":false}