{"cameraMode":{"drawMode":0,"name":"Shaded","section":"Shading Mode"},"sceneLighting":false,"audioPlay":false,"sceneViewState":{"showFog":true,"showMaterialUpdate":false,"showSkybox":true,"showFlares":true,"showImageEffects":true,"showParticleSystems":true},"in2DMode":false,"pivot":{"x":-7.180840969085693,"y":2.9534387588500978,"z":1.746237874031067},"rotation":{"x":-0.11695688962936402,"y":0.03782496601343155,"z":-0.004458325915038586,"w":-0.9924064874649048},"size":22.0,"orthographic":false}