{"cameraMode":{"drawMode":0,"name":"Shaded","section":"Shading Mode"},"sceneLighting":false,"audioPlay":false,"sceneViewState":{"showFog":true,"showMaterialUpdate":false,"showSkybox":true,"showFlares":true,"showImageEffects":true,"showParticleSystems":true},"in2DMode":false,"pivot":{"x":-36.199859619140628,"y":767.0625,"z":-712.1768188476563},"rotation":{"x":-0.04229268804192543,"y":-0.01588921807706356,"z":0.0006717105861753225,"w":-0.9989787340164185},"size":19.170299530029298,"orthographic":false}