{"cameraMode":{"drawMode":0,"name":"Shaded","section":"Shading Mode"},"sceneLighting":false,"audioPlay":false,"sceneViewState":{"showFog":true,"showMaterialUpdate":false,"showSkybox":true,"showFlares":true,"showImageEffects":true,"showParticleSystems":true},"in2DMode":false,"pivot":{"x":-0.15966558456420899,"y":1.8245635032653809,"z":0.3450155258178711},"rotation":{"x":-0.3271324634552002,"y":0.014737692661583424,"z":-0.005103514064103365,"w":-0.9448497891426086},"size":9.197916030883789,"orthographic":false}