{"cameraMode":{"drawMode":0,"name":"Shaded","section":"Shading Mode"},"sceneLighting":false,"audioPlay":false,"sceneViewState":{"showFog":true,"showMaterialUpdate":false,"showSkybox":true,"showFlares":true,"showImageEffects":true,"showParticleSystems":true},"in2DMode":false,"pivot":{"x":9.5367431640625e-7,"y":5.135236740112305,"z":0.8603641986846924},"rotation":{"x":-0.11555520445108414,"y":0.6196095943450928,"z":-0.09288857877254486,"w":-0.770780622959137},"size":39.00725173950195,"orthographic":false}