{"cameraMode":{"drawMode":0,"name":"Shaded","section":"Shading Mode"},"sceneLighting":false,"audioPlay":false,"sceneViewState":{"showFog":true,"showMaterialUpdate":false,"showSkybox":true,"showFlares":true,"showImageEffects":true,"showParticleSystems":true},"in2DMode":false,"pivot":{"x":-0.05339252948760986,"y":0.40744349360466006,"z":0.03427499532699585},"rotation":{"x":-0.3271324634552002,"y":0.014737692661583424,"z":-0.005103514064103365,"w":-0.9448497891426086},"size":4.366505146026611,"orthographic":false}