{"cameraMode":{"drawMode":0,"name":"Shaded","section":"Shading Mode"},"sceneLighting":false,"audioPlay":false,"sceneViewState":{"showFog":true,"showMaterialUpdate":false,"showSkybox":true,"showFlares":true,"showImageEffects":true,"showParticleSystems":true},"in2DMode":false,"pivot":{"x":-38.40995407104492,"y":770.0407104492188,"z":-717.2330322265625},"rotation":{"x":0.1482541710138321,"y":-0.010389626026153565,"z":0.001556871342472732,"w":0.9888935089111328},"size":27.619848251342775,"orthographic":false}